{
  "Total" : {
    "transaction" : "Total",
    "sampleCount" : 1,
    "errorCount" : 0,
    "errorPct" : 0.0,
    "meanResTime" : 22166.0,
    "medianResTime" : 22166.0,
    "minResTime" : 22166.0,
    "maxResTime" : 22166.0,
    "pct1ResTime" : 22166.0,
    "pct2ResTime" : 22166.0,
    "pct3ResTime" : 22166.0,
    "throughput" : 0.04511413877109086,
    "receivedKBytesPerSec" : 0.1612478006857349,
    "sentKBytesPerSec" : 0.07507274654876839
  },
  "HTTP Request" : {
    "transaction" : "HTTP Request",
    "sampleCount" : 1,
    "errorCount" : 0,
    "errorPct" : 0.0,
    "meanResTime" : 22166.0,
    "medianResTime" : 22166.0,
    "minResTime" : 22166.0,
    "maxResTime" : 22166.0,
    "pct1ResTime" : 22166.0,
    "pct2ResTime" : 22166.0,
    "pct3ResTime" : 22166.0,
    "throughput" : 0.04511413877109086,
    "receivedKBytesPerSec" : 0.1612478006857349,
    "sentKBytesPerSec" : 0.07507274654876839
  }
}